06.08.2022 22:55:51,Арсений Евгеньевич,arsenij.evdokimov@bk.ru,True
06.08.2022 22:57:52,вячеслав крет,arsenij.evdokimov@bk.ru,True
06.08.2022 23:00:19,Андрей Павлов,arsenij.evdokimov@bk.ru,True
06.08.2022 23:21:47,Артём Павлов,arsenij.evdokimov@bk.ru,True
06.08.2022 23:58:50,Егор Денисович,arsenij.evdokimov@bk.ru,True
06.08.2022 23:59:18,Елена Павлова,arsenij.evdokimov@bk.ru,True
07.08.2022 0:01:20,Андрей Смирнов,arsenij.evdokimov@bk.ru,True
07.08.2022 0:12:55,Егор Денисович,diyvol123456@gmail.com,True
07.08.2022 0:17:53,Арсений Евгеньевич,arsenij.evdokimov@bk.ru,True
07.08.2022 0:22:14,Елена Смирнова,arsenij.evdokimov@bk.ru,True
07.08.2022 0:26:29,Валентина Александровна,arsenij.evdokimov@bk.ru,True
07.08.2022 0:29:00,Менелай Ортоцентрович,Diyvol123456@gmail.com,True
07.08.2022 0:34:16,Андрей Михайлович,arsenij.evdokimov@bk.ru,True
